opposition level	count
1	28.620689655172416
2	37.58620689655172
3	21.03448275862069
4	7.241379310344828
5	5.517241379310345
