opposition level	count
1	61.512027491408936
2	21.993127147766323
3	5.841924398625429
4	5.498281786941581
5	5.154639175257731
