opposition level	count
1	24.65753424657534
2	35.61643835616438
3	22.602739726027394
4	10.273972602739725
5	6.8493150684931505
