opposition level	count
1	64.94845360824742
2	25.773195876288657
3	5.841924398625429
4	2.405498281786942
5	1.0309278350515463
