opposition level	count
1	26.46048109965636
2	26.804123711340207
3	30.927835051546392
4	11.34020618556701
5	4.4673539518900345
