opposition level	count
1	12.45674740484429
2	42.56055363321799
3	32.17993079584775
4	9.342560553633218
5	3.4602076124567476
