opposition level	count
1	8.21917808219178
2	15.068493150684931
3	31.506849315068493
4	31.506849315068493
5	13.698630136986301
