opposition level	count
1	2.7586206896551726
2	6.896551724137931
3	18.275862068965516
4	34.13793103448276
5	37.93103448275862
