opposition level	count
1	38.35616438356164
2	35.95890410958904
3	17.465753424657535
4	5.136986301369863
5	3.0821917808219177
