opposition level	count
1	40.75342465753425
2	40.41095890410959
3	9.58904109589041
4	4.10958904109589
5	5.136986301369863
