opposition level	count
1	58.9041095890411
2	30.136986301369863
3	5.47945205479452
4	3.767123287671233
5	1.7123287671232876
