opposition level	count
1	1.0380622837370241
2	7.612456747404845
3	46.36678200692042
4	31.833910034602077
5	13.148788927335639
