opposition level	count
1	7.291666666666667
2	20.48611111111111
3	48.95833333333333
4	14.23611111111111
5	9.027777777777777
