opposition level	count
1	73.97260273972603
2	18.835616438356166
3	5.821917808219178
4	0.684931506849315
5	0.684931506849315
