opposition level	count
1	15.807560137457044
2	24.398625429553263
3	29.553264604810998
4	18.213058419243985
5	12.027491408934708
