opposition level	count
1	7.560137457044673
2	13.402061855670103
3	18.900343642611684
4	29.553264604810998
5	30.584192439862544
